{"lr": 0.009998886215193948, "data_time": 0.015095949172973633, "loss": 0.1436546891927719, "decode.loss_ce": 0.10144451012214024, "decode.acc_seg": 34.28955078125, "aux.loss_ce": 0.04221017472445965, "aux.acc_seg": 35.3668212890625, "time": 8.170456171035767, "step": 6}
{"lr": 0.00997794446709763, "data_time": 0.010094308853149414, "loss": 0.06828909814357757, "decode.loss_ce": 0.046042722463607785, "decode.acc_seg": 77.52685546875, "aux.loss_ce": 0.022246375493705273, "aux.acc_seg": 84.8175048828125, "time": 7.915396714210511, "step": 100}
{"lr": 0.009955660594668054, "data_time": 0.0119704008102417, "loss": 0.06866575963795185, "decode.loss_ce": 0.04735989160835743, "decode.acc_seg": 79.248046875, "aux.loss_ce": 0.021305868588387965, "aux.acc_seg": 69.9432373046875, "time": 7.37428047657013, "step": 200}
{"lr": 0.009933371122565919, "data_time": 0.007833719253540039, "loss": 0.055235852301120755, "decode.loss_ce": 0.03909660242497921, "decode.acc_seg": 79.43115234375, "aux.loss_ce": 0.016139249503612518, "aux.acc_seg": 76.9287109375, "time": 8.412997722625732, "step": 300}
{"lr": 0.009911076035273796, "data_time": 0.010169100761413575, "loss": 0.06820405609905719, "decode.loss_ce": 0.0494469678029418, "decode.acc_seg": 79.1748046875, "aux.loss_ce": 0.01875708792358637, "aux.acc_seg": 79.4769287109375, "time": 7.448618841171265, "step": 400}
{"aAcc": 68.29, "mIoU": 24.1, "mAcc": 31.07, "data_time": 0.03211424567482688, "time": 5.913724639198997, "step": 400}
