{"coco/bbox_mAP": 0.667, "coco/bbox_mAP_50": 0.833, "coco/bbox_mAP_75": 0.766, "coco/bbox_mAP_s": 0.0, "coco/bbox_mAP_m": 0.496, "coco/bbox_mAP_l": 0.761, "data_time": 0.007663598427405724, "time": 0.14072291667644793}