{"aAcc": 68.29, "mIoU": 24.1, "mAcc": 31.07, "data_time": 0.01249783689325506, "time": 5.717609839005903}