{"lr": 2.5863685344827587e-05, "data_time": 0.23008184432983397, "loss": 2.7458189010620115, "loss_cls": 2.047202730178833, "loss_bbox": 0.698616111278534, "time": 3.0393746852874757, "epoch": 1, "step": 5}
{"lr": 6.465640086206897e-05, "data_time": 0.20107962868430398, "loss": 2.75524733283303, "loss_cls": 2.062440276145935, "loss_bbox": 0.692807056687095, "time": 2.8341270793568003, "epoch": 2, "step": 11}
{"lr": 0.00010344911637931034, "data_time": 0.1891634324017693, "loss": 2.768306115094353, "loss_cls": 2.086746657595915, "loss_bbox": 0.6815594574984383, "time": 2.849631842444925, "epoch": 3, "step": 17}
{"lr": 0.00014224183189655168, "data_time": 0.185051617415055, "loss": 2.773088517396346, "loss_cls": 2.099864653919054, "loss_bbox": 0.6732238660687986, "time": 2.8837076995683755, "epoch": 4, "step": 23}
{"lr": 0.000181034547413793, "data_time": 0.18313049447947535, "loss": 2.7732612428994012, "loss_cls": 2.1093433273249658, "loss_bbox": 0.6639179196851007, "time": 2.885310041493383, "epoch": 5, "step": 29}
{"lr": 0.0001874999999999999, "data_time": 0.1816448756626674, "loss": 2.7841143948691234, "loss_cls": 2.139878065245492, "loss_bbox": 0.6442363262176514, "time": 2.842006608418056, "epoch": 6, "step": 35}
{"lr": 0.0001874999999999999, "data_time": 0.1811078641472793, "loss": 2.7718171550006403, "loss_cls": 2.1520734269444537, "loss_bbox": 0.6197437287830725, "time": 2.7974425932256186, "epoch": 7, "step": 41}
{"lr": 0.0001874999999999999, "data_time": 0.18864408452460107, "loss": 2.735693165596495, "loss_cls": 2.1275503102769244, "loss_bbox": 0.6081428584900308, "time": 2.789748394742925, "epoch": 8, "step": 47}
{"lr": 0.0001874999999999999, "data_time": 0.17985021591186523, "loss": 2.6663908171653747, "loss_cls": 2.082373082637787, "loss_bbox": 0.5840177464485169, "time": 2.7760643672943117, "epoch": 9, "step": 53}
{"lr": 0.0001874999999999999, "data_time": 0.17830525875091552, "loss": 2.5525003409385683, "loss_cls": 2.003295407295227, "loss_bbox": 0.5492049396038056, "time": 2.8053207063674925, "epoch": 10, "step": 59}
{"coco/bbox_mAP": 0.473, "coco/bbox_mAP_50": 0.638, "coco/bbox_mAP_75": 0.559, "coco/bbox_mAP_s": 0.0, "coco/bbox_mAP_m": 0.192, "coco/bbox_mAP_l": 0.603, "data_time": 0.01553935271043044, "time": 0.15962532850412223, "step": 10}
{"lr": 0.0001874999999999999, "data_time": 0.18207749366760254, "loss": 2.392566392421722, "loss_cls": 1.8720192074775697, "loss_bbox": 0.5205471903085709, "time": 2.7815949726104736, "epoch": 11, "step": 65}
{"lr": 0.0001874999999999999, "data_time": 0.1863638687133789, "loss": 2.2045819759368896, "loss_cls": 1.7173629558086396, "loss_bbox": 0.48721902549266816, "time": 2.7259564447402953, "epoch": 12, "step": 71}
{"lr": 0.0001874999999999999, "data_time": 0.18419251441955567, "loss": 2.0343544697761535, "loss_cls": 1.5768778347969055, "loss_bbox": 0.45747663974761965, "time": 2.671860728263855, "epoch": 13, "step": 77}
{"lr": 0.0001874999999999999, "data_time": 0.18089702606201172, "loss": 1.890418360233307, "loss_cls": 1.4515456879138946, "loss_bbox": 0.4388726782798767, "time": 2.6308242654800416, "epoch": 14, "step": 83}
{"lr": 0.0001874999999999999, "data_time": 0.18071056842803956, "loss": 1.6894831466674805, "loss_cls": 1.2659557008743285, "loss_bbox": 0.4235274511575699, "time": 2.6264469385147096, "epoch": 15, "step": 89}
{"lr": 0.0001874999999999999, "data_time": 0.17180814743041992, "loss": 1.492818636894226, "loss_cls": 1.0929111814498902, "loss_bbox": 0.3999074572324753, "time": 2.58967031955719, "epoch": 16, "step": 95}
{"lr": 0.0001874999999999999, "data_time": 0.1668407726287842, "loss": 1.3281551826000213, "loss_cls": 0.9457625603675842, "loss_bbox": 0.3823926186561584, "time": 2.545299415588379, "epoch": 17, "step": 101}
{"lr": 0.0001874999999999999, "data_time": 0.16789795875549315, "loss": 1.2269829869270326, "loss_cls": 0.8520203816890717, "loss_bbox": 0.3749626046419144, "time": 2.4914899492263793, "epoch": 18, "step": 107}
{"lr": 0.0001874999999999999, "data_time": 0.1666545295715332, "loss": 1.1362716436386109, "loss_cls": 0.7782230967283249, "loss_bbox": 0.35804854810237885, "time": 2.45570565700531, "epoch": 19, "step": 113}
{"lr": 0.0001874999999999999, "data_time": 0.16130188465118409, "loss": 1.1058905982971192, "loss_cls": 0.751906482577324, "loss_bbox": 0.35398411691188814, "time": 2.439254198074341, "epoch": 20, "step": 119}
{"coco/bbox_mAP": 0.638, "coco/bbox_mAP_50": 0.825, "coco/bbox_mAP_75": 0.752, "coco/bbox_mAP_s": 0.0, "coco/bbox_mAP_m": 0.437, "coco/bbox_mAP_l": 0.732, "data_time": 0.003891842705862863, "time": 0.13507608004978724, "step": 20}
{"lr": 0.00018701210630623673, "data_time": 0.16321443557739257, "loss": 1.0551369965076447, "loss_cls": 0.7075824266672135, "loss_bbox": 0.34755457282066343, "time": 2.437661452293396, "epoch": 21, "step": 125}
{"lr": 0.00018446526890387004, "data_time": 0.16737287998199463, "loss": 0.9956396961212158, "loss_cls": 0.6563965123891831, "loss_bbox": 0.33924318313598634, "time": 2.441394634246826, "epoch": 22, "step": 131}
{"lr": 0.00017980014232129403, "data_time": 0.1659294271469116, "loss": 0.9652260971069336, "loss_cls": 0.6342253369092942, "loss_bbox": 0.33100075960159303, "time": 2.4453449726104735, "epoch": 23, "step": 137}
{"lr": 0.00017313159745763925, "data_time": 0.16927750587463378, "loss": 0.9626035034656525, "loss_cls": 0.6307079845666885, "loss_bbox": 0.3318955194950104, "time": 2.4565316677093505, "epoch": 24, "step": 143}
{"lr": 0.00016462383601908038, "data_time": 0.17498491764068602, "loss": 0.94040518283844, "loss_cls": 0.6156990021467209, "loss_bbox": 0.3247061812877655, "time": 2.4782570457458495, "epoch": 25, "step": 149}
{"lr": 0.0001544863473278761, "data_time": 0.17283917903900148, "loss": 0.9335568308830261, "loss_cls": 0.60982173204422, "loss_bbox": 0.32373509764671327, "time": 2.4757800006866457, "epoch": 26, "step": 155}
{"lr": 0.00014296874999999998, "data_time": 0.17485996723175048, "loss": 0.9266773021221161, "loss_cls": 0.6066022470593453, "loss_bbox": 0.32007505238056183, "time": 2.4807497787475588, "epoch": 27, "step": 161}
{"lr": 0.0001303546455063783, "data_time": 0.1762138795852661, "loss": 0.8858869171142578, "loss_cls": 0.574170353114605, "loss_bbox": 0.31171656399965286, "time": 2.483501353263855, "epoch": 28, "step": 167}
{"lr": 0.00011695463496345667, "data_time": 0.17535674095153808, "loss": 0.8488441354036331, "loss_cls": 0.5499025011062622, "loss_bbox": 0.298941630423069, "time": 2.486343278884888, "epoch": 29, "step": 173}
{"lr": 0.00010309867110288716, "data_time": 0.1766351890563965, "loss": 0.8215920490026474, "loss_cls": 0.5300687152147293, "loss_bbox": 0.2915233314037323, "time": 2.5008543348312378, "epoch": 30, "step": 179}
{"coco/bbox_mAP": 0.667, "coco/bbox_mAP_50": 0.833, "coco/bbox_mAP_75": 0.766, "coco/bbox_mAP_s": 0.0, "coco/bbox_mAP_m": 0.496, "coco/bbox_mAP_l": 0.761, "data_time": 0.004959447043282645, "time": 0.1390951190676008, "step": 30}
{"lr": 8.912793374022463e-05, "data_time": 0.17769773960113525, "loss": 0.7878301173448563, "loss_cls": 0.5008966040611267, "loss_bbox": 0.28693351238965986, "time": 2.5101394128799437, "epoch": 31, "step": 185}
{"lr": 7.538642879555673e-05, "data_time": 0.17387551784515382, "loss": 0.784263214468956, "loss_cls": 0.5023196542263031, "loss_bbox": 0.2819435605406761, "time": 2.5098108768463137, "epoch": 32, "step": 191}
{"lr": 6.221251772606156e-05, "data_time": 0.16818856239318847, "loss": 0.7709219604730606, "loss_cls": 0.49330988466739656, "loss_bbox": 0.2776120722293854, "time": 2.5090472888946533, "epoch": 33, "step": 197}
{"lr": 4.993058594397417e-05, "data_time": 0.17431833744049072, "loss": 0.7568466287851333, "loss_cls": 0.4844826948642731, "loss_bbox": 0.27236393094062805, "time": 2.5263441038131713, "epoch": 34, "step": 203}
{"lr": 3.884305537116424e-05, "data_time": 0.16951251029968262, "loss": 0.7592522388696671, "loss_cls": 0.48303300827741624, "loss_bbox": 0.27621922850608827, "time": 2.5370576047897337,